{
  "brZ": 0.20465144515037537,
  "tlZ": 0.2046509087085724,
  "brX": 0.5362834930419922,
  "tlX": 0.5362818837165833,
  "brY": 0.09938569366931915,
  "tlY": 0.09938589483499527,
  "blX": 0.5362844467163086,
  "blY": 0.0993855819106102,
  "blZ": 0.20465391874313354,
  "trZ": 0.20465992391109467,
  "trY": 0.09938496351242065,
  "trX": 0.5362895131111145
}