{
  "brZ": 0.20074690878391266,
  "tlZ": 0.20074214041233063,
  "brX": 0.43534061312675476,
  "tlX": 0.43533894419670105,
  "brY": 0.18291214108467102,
  "tlY": 0.18291057646274567,
  "blX": 0.4353395402431488,
  "blY": 0.18291112780570984,
  "blZ": 0.200743168592453,
  "trZ": 0.20074111223220825,
  "trY": 0.1829100102186203,
  "trX": 0.4353383481502533
}