{
  "brZ": 0.18479441106319427,
  "blackX": -0.22199212,
  "blackY": -0.8381603,
  "brX": -0.059885263442993164,
  "blackZ": 0.18530889,
  "brY": -0.471667617559433,
  "blZ": 0.18479743599891663,
  "tlZ": 0.18479743599891663,
  "tlX": -0.05988410860300064,
  "tlY": -0.4716653823852539,
  "blX": -0.05988410860300064,
  "blY": -0.4716653823852539,
  "trZ": 0.1847933977842331,
  "trY": -0.4716683626174927,
  "trX": -0.059885650873184204
}